[
  {
    "id": 0,
    "name": "Pluto",
    "picture": "images/lobo.jpg",
    "age": 3,
    "breed": "Siberiano",
    "location": "Villa luz, Engativa"
  },
  {
    "id": 1,
    "name": "Dante",
    "picture": "images/pastor.jpg",
    "age": 5,
    "breed": "Pastor",
    "location": "Fontanar, Suba"
  },
  {
    "id": 2,
    "name": "Peca",
    "picture": "images/french-bulldog.jpeg",
    "age": 2,
    "breed": "French Bulldog",
    "location": "Villa Alemania, Usme"
  },
  {
    "id": 3,
    "name": "Melissa",
    "picture": "images/boxer.jpeg",
    "age": 2,
    "breed": "Boxer",
    "location": "El rosal, Chapinero"
  },
  {
    "id": 4,
    "name": "Rodri",
    "picture": "images/scottish-terrier.jpeg",
    "age": 2,
    "breed": "French Bulldog",
    "location": "Villas Ddo, Fontibon"
  },
  {
    "id": 5,
    "name": "Pirlo",
    "picture": "images/chiqui.jpeg",
    "age": 3,
    "breed": "Chihuahua",
    "location": "Rosas, Cundinamarca"
  },
  {
    "id": 6,
    "name": "Mechas",
    "picture": "images/mechas.jpg",
    "age": 3,
    "breed": "Poddle",
    "location": "Pasca, Cundinamarca"
  },
  {
    "id": 7,
    "name": "Cole",
    "picture": "images/golden-retriever.jpeg",
    "age": 3,
    "breed": "Golden Retriever",
    "location": "Girardot, Cundinamarca"
  }
]
